Quarter,Number,Change
2019Q3,148287,
2019Q4,111413,-0.24866643738156413
2020Q1,116908,0.0493209948569735
2020Q2,86273,-0.2620436582611968
