Quarter,Number,Change
2019Q3,136597,0.0
2019Q4,106642,-0.2192947136467126
2020Q1,111941,0.04968961572363617
2020Q2,83982,-0.24976550146952414
